,ira,product_category,brand,sku_id,item_per_bundle,shape,with_alcohol,filling,volume,price,month_n,Angel,Archer,Centaur,Demon,Dwarf,Elf,Gargoyle,Genie,Ghost,Giant,Goblin,Gremlin,Medusa,Minotaur,Monk,Orc,Pegasus,Pirate,Unicorn,other
1694,0,0,0,35,0,2,0,1,,-0.502011547324691,31,0.02568861340072962,1.6160459222710277,1.984668338890893,1.7067833589709362,1.9716897440451522,2.495095027667554,1.714162837409329,1.7393281926114048,1.8825264315314212,1.8131194991687642,1.9608044159998228,-0.4039519360923215,1.5434065246093938,-0.1989388337998763,2.683449104977026,0.9306256628194471,1.53524911286912,2.671202397330032,1.963116591043538,1.948822388068501
1695,0,0,2,2,0,2,0,1,,-0.40421322696016504,31,0.02568861340072962,1.6160459222710277,1.984668338890893,1.7067833589709362,1.9716897440451522,2.495095027667554,1.714162837409329,1.7393281926114048,1.8825264315314212,1.8131194991687642,1.9608044159998228,-0.4039519360923215,1.5434065246093938,-0.1989388337998763,2.683449104977026,0.9306256628194471,1.53524911286912,2.671202397330032,1.963116591043538,1.948822388068501
1696,0,0,2,4,0,2,0,1,,-0.40421322696016504,31,0.02568861340072962,1.6160459222710277,1.984668338890893,1.7067833589709362,1.9716897440451522,2.495095027667554,1.714162837409329,1.7393281926114048,1.8825264315314212,1.8131194991687642,1.9608044159998228,-0.4039519360923215,1.5434065246093938,-0.1989388337998763,2.683449104977026,0.9306256628194471,1.53524911286912,2.671202397330032,1.963116591043538,1.948822388068501
1697,0,0,2,5,2,2,0,1,,2.834867143512927,31,0.02568861340072962,1.6160459222710277,1.984668338890893,1.7067833589709362,1.9716897440451522,2.495095027667554,1.714162837409329,1.7393281926114048,1.8825264315314212,1.8131194991687642,1.9608044159998228,-0.4039519360923215,1.5434065246093938,-0.1989388337998763,2.683449104977026,0.9306256628194471,1.53524911286912,2.671202397330032,1.963116591043538,1.948822388068501
1698,0,0,2,7,1,2,0,1,,1.2700940176805169,31,0.02568861340072962,1.6160459222710277,1.984668338890893,1.7067833589709362,1.9716897440451522,2.495095027667554,1.714162837409329,1.7393281926114048,1.8825264315314212,1.8131194991687642,1.9608044159998228,-0.4039519360923215,1.5434065246093938,-0.1989388337998763,2.683449104977026,0.9306256628194471,1.53524911286912,2.671202397330032,1.963116591043538,1.948822388068501
1699,0,0,2,10,2,2,0,1,,2.834867143512927,31,0.02568861340072962,1.6160459222710277,1.984668338890893,1.7067833589709362,1.9716897440451522,2.495095027667554,1.714162837409329,1.7393281926114048,1.8825264315314212,1.8131194991687642,1.9608044159998228,-0.4039519360923215,1.5434065246093938,-0.1989388337998763,2.683449104977026,0.9306256628194471,1.53524911286912,2.671202397330032,1.963116591043538,1.948822388068501
1700,0,0,2,12,0,2,0,1,,-0.40421322696016504,31,0.02568861340072962,1.6160459222710277,1.984668338890893,1.7067833589709362,1.9716897440451522,2.495095027667554,1.714162837409329,1.7393281926114048,1.8825264315314212,1.8131194991687642,1.9608044159998228,-0.4039519360923215,1.5434065246093938,-0.1989388337998763,2.683449104977026,0.9306256628194471,1.53524911286912,2.671202397330032,1.963116591043538,1.948822388068501
1701,0,0,2,13,0,1,0,1,,-0.40421322696016504,31,0.02568861340072962,1.6160459222710277,1.984668338890893,1.7067833589709362,1.9716897440451522,2.495095027667554,1.714162837409329,1.7393281926114048,1.8825264315314212,1.8131194991687642,1.9608044159998228,-0.4039519360923215,1.5434065246093938,-0.1989388337998763,2.683449104977026,0.9306256628194471,1.53524911286912,2.671202397330032,1.963116591043538,1.948822388068501
1702,0,0,2,17,0,2,1,1,,-0.40421322696016504,31,0.02568861340072962,1.6160459222710277,1.984668338890893,1.7067833589709362,1.9716897440451522,2.495095027667554,1.714162837409329,1.7393281926114048,1.8825264315314212,1.8131194991687642,1.9608044159998228,-0.4039519360923215,1.5434065246093938,-0.1989388337998763,2.683449104977026,0.9306256628194471,1.53524911286912,2.671202397330032,1.963116591043538,1.948822388068501
1703,0,0,2,18,0,2,0,1,,-0.40421322696016504,31,0.02568861340072962,1.6160459222710277,1.984668338890893,1.7067833589709362,1.9716897440451522,2.495095027667554,1.714162837409329,1.7393281926114048,1.8825264315314212,1.8131194991687642,1.9608044159998228,-0.4039519360923215,1.5434065246093938,-0.1989388337998763,2.683449104977026,0.9306256628194471,1.53524911286912,2.671202397330032,1.963116591043538,1.948822388068501
1704,0,0,2,22,0,2,0,1,,-0.40421322696016504,31,0.02568861340072962,1.6160459222710277,1.984668338890893,1.7067833589709362,1.9716897440451522,2.495095027667554,1.714162837409329,1.7393281926114048,1.8825264315314212,1.8131194991687642,1.9608044159998228,-0.4039519360923215,1.5434065246093938,-0.1989388337998763,2.683449104977026,0.9306256628194471,1.53524911286912,2.671202397330032,1.963116591043538,1.948822388068501
1705,0,0,2,23,1,2,0,1,,1.2700940176805169,31,0.02568861340072962,1.6160459222710277,1.984668338890893,1.7067833589709362,1.9716897440451522,2.495095027667554,1.714162837409329,1.7393281926114048,1.8825264315314212,1.8131194991687642,1.9608044159998228,-0.4039519360923215,1.5434065246093938,-0.1989388337998763,2.683449104977026,0.9306256628194471,1.53524911286912,2.671202397330032,1.963116591043538,1.948822388068501
1706,0,0,2,24,0,2,0,1,,-0.40421322696016504,31,0.02568861340072962,1.6160459222710277,1.984668338890893,1.7067833589709362,1.9716897440451522,2.495095027667554,1.714162837409329,1.7393281926114048,1.8825264315314212,1.8131194991687642,1.9608044159998228,-0.4039519360923215,1.5434065246093938,-0.1989388337998763,2.683449104977026,0.9306256628194471,1.53524911286912,2.671202397330032,1.963116591043538,1.948822388068501
1707,0,0,4,40,0,2,0,1,,-0.654576927093351,31,0.02568861340072962,1.6160459222710277,1.984668338890893,1.7067833589709362,1.9716897440451522,2.495095027667554,1.714162837409329,1.7393281926114048,1.8825264315314212,1.8131194991687642,1.9608044159998228,-0.4039519360923215,1.5434065246093938,-0.1989388337998763,2.683449104977026,0.9306256628194471,1.53524911286912,2.671202397330032,1.963116591043538,1.948822388068501
1708,0,0,5,8,0,2,0,1,,-0.38074163007267914,31,0.02568861340072962,1.6160459222710277,1.984668338890893,1.7067833589709362,1.9716897440451522,2.495095027667554,1.714162837409329,1.7393281926114048,1.8825264315314212,1.8131194991687642,1.9608044159998228,-0.4039519360923215,1.5434065246093938,-0.1989388337998763,2.683449104977026,0.9306256628194471,1.53524911286912,2.671202397330032,1.963116591043538,1.948822388068501
1709,0,0,5,31,0,2,0,1,,-0.38074163007267914,31,0.02568861340072962,1.6160459222710277,1.984668338890893,1.7067833589709362,1.9716897440451522,2.495095027667554,1.714162837409329,1.7393281926114048,1.8825264315314212,1.8131194991687642,1.9608044159998228,-0.4039519360923215,1.5434065246093938,-0.1989388337998763,2.683449104977026,0.9306256628194471,1.53524911286912,2.671202397330032,1.963116591043538,1.948822388068501
1710,0,0,6,34,0,2,0,1,,-0.38074163007267914,31,0.02568861340072962,1.6160459222710277,1.984668338890893,1.7067833589709362,1.9716897440451522,2.495095027667554,1.714162837409329,1.7393281926114048,1.8825264315314212,1.8131194991687642,1.9608044159998228,-0.4039519360923215,1.5434065246093938,-0.1989388337998763,2.683449104977026,0.9306256628194471,1.53524911286912,2.671202397330032,1.963116591043538,1.948822388068501
1711,0,1,1,0,0,0,1,2,,-0.40421322696016504,31,0.02568861340072962,1.6160459222710277,1.984668338890893,1.7067833589709362,1.9716897440451522,2.495095027667554,1.714162837409329,1.7393281926114048,1.8825264315314212,1.8131194991687642,1.9608044159998228,-0.4039519360923215,1.5434065246093938,-0.1989388337998763,2.683449104977026,0.9306256628194471,1.53524911286912,2.671202397330032,1.963116591043538,1.948822388068501
1712,0,1,1,32,0,0,1,2,,-0.40421322696016504,31,0.02568861340072962,1.6160459222710277,1.984668338890893,1.7067833589709362,1.9716897440451522,2.495095027667554,1.714162837409329,1.7393281926114048,1.8825264315314212,1.8131194991687642,1.9608044159998228,-0.4039519360923215,1.5434065246093938,-0.1989388337998763,2.683449104977026,0.9306256628194471,1.53524911286912,2.671202397330032,1.963116591043538,1.948822388068501
1713,0,1,1,33,0,0,0,2,,-0.40421322696016504,31,0.02568861340072962,1.6160459222710277,1.984668338890893,1.7067833589709362,1.9716897440451522,2.495095027667554,1.714162837409329,1.7393281926114048,1.8825264315314212,1.8131194991687642,1.9608044159998228,-0.4039519360923215,1.5434065246093938,-0.1989388337998763,2.683449104977026,0.9306256628194471,1.53524911286912,2.671202397330032,1.963116591043538,1.948822388068501
1714,0,1,1,41,0,0,0,2,,-0.40421322696016504,31,0.02568861340072962,1.6160459222710277,1.984668338890893,1.7067833589709362,1.9716897440451522,2.495095027667554,1.714162837409329,1.7393281926114048,1.8825264315314212,1.8131194991687642,1.9608044159998228,-0.4039519360923215,1.5434065246093938,-0.1989388337998763,2.683449104977026,0.9306256628194471,1.53524911286912,2.671202397330032,1.963116591043538,1.948822388068501
1715,1,0,0,35,0,2,0,1,,-0.4561160760755311,31,-0.9090831019796201,-0.8264506273670005,-0.9337393526677039,-0.7194771417163084,-1.0877903505554831,-0.8438113607002995,-1.0981207696327855,-0.7851093489074052,-0.8155064646979556,-1.025614622085954,-1.1958043929001931,-0.9985593767479394,-1.5549223658621132,-1.106079519830517,-0.9443976963808937,-1.3533786622348334,-1.1126299760398441,-0.04733450143087991,-1.1287139882976522,-1.2452873258447856
1716,1,0,2,5,2,2,0,1,,2.9529519096490655,31,-0.9090831019796201,-0.8264506273670005,-0.9337393526677039,-0.7194771417163084,-1.0877903505554831,-0.8438113607002995,-1.0981207696327855,-0.7851093489074052,-0.8155064646979556,-1.025614622085954,-1.1958043929001931,-0.9985593767479394,-1.5549223658621132,-1.106079519830517,-0.9443976963808937,-1.3533786622348334,-1.1126299760398441,-0.04733450143087991,-1.1287139882976522,-1.2452873258447856
1717,1,0,2,7,1,2,0,1,,1.3530618863349322,31,-0.9090831019796201,-0.8264506273670005,-0.9337393526677039,-0.7194771417163084,-1.0877903505554831,-0.8438113607002995,-1.0981207696327855,-0.7851093489074052,-0.8155064646979556,-1.025614622085954,-1.1958043929001931,-0.9985593767479394,-1.5549223658621132,-1.106079519830517,-0.9443976963808937,-1.3533786622348334,-1.1126299760398441,-0.04733450143087991,-1.1287139882976522,-1.2452873258447856
1718,1,0,2,10,2,2,0,1,,2.9529519096490655,31,-0.9090831019796201,-0.8264506273670005,-0.9337393526677039,-0.7194771417163084,-1.0877903505554831,-0.8438113607002995,-1.0981207696327855,-0.7851093489074052,-0.8155064646979556,-1.025614622085954,-1.1958043929001931,-0.9985593767479394,-1.5549223658621132,-1.106079519830517,-0.9443976963808937,-1.3533786622348334,-1.1126299760398441,-0.04733450143087991,-1.1287139882976522,-1.2452873258447856
1719,1,0,2,12,0,2,0,1,,-0.35844837116391215,31,-0.9090831019796201,-0.8264506273670005,-0.9337393526677039,-0.7194771417163084,-1.0877903505554831,-0.8438113607002995,-1.0981207696327855,-0.7851093489074052,-0.8155064646979556,-1.025614622085954,-1.1958043929001931,-0.9985593767479394,-1.5549223658621132,-1.106079519830517,-0.9443976963808937,-1.3533786622348334,-1.1126299760398441,-0.04733450143087991,-1.1287139882976522,-1.2452873258447856
1720,1,0,2,18,0,2,0,1,,-0.35844837116391215,31,-0.9090831019796201,-0.8264506273670005,-0.9337393526677039,-0.7194771417163084,-1.0877903505554831,-0.8438113607002995,-1.0981207696327855,-0.7851093489074052,-0.8155064646979556,-1.025614622085954,-1.1958043929001931,-0.9985593767479394,-1.5549223658621132,-1.106079519830517,-0.9443976963808937,-1.3533786622348334,-1.1126299760398441,-0.04733450143087991,-1.1287139882976522,-1.2452873258447856
1721,1,0,2,22,0,2,0,1,,-0.35844837116391215,31,-0.9090831019796201,-0.8264506273670005,-0.9337393526677039,-0.7194771417163084,-1.0877903505554831,-0.8438113607002995,-1.0981207696327855,-0.7851093489074052,-0.8155064646979556,-1.025614622085954,-1.1958043929001931,-0.9985593767479394,-1.5549223658621132,-1.106079519830517,-0.9443976963808937,-1.3533786622348334,-1.1126299760398441,-0.04733450143087991,-1.1287139882976522,-1.2452873258447856
1722,1,0,2,23,1,2,0,1,,1.3530618863349322,31,-0.9090831019796201,-0.8264506273670005,-0.9337393526677039,-0.7194771417163084,-1.0877903505554831,-0.8438113607002995,-1.0981207696327855,-0.7851093489074052,-0.8155064646979556,-1.025614622085954,-1.1958043929001931,-0.9985593767479394,-1.5549223658621132,-1.106079519830517,-0.9443976963808937,-1.3533786622348334,-1.1126299760398441,-0.04733450143087991,-1.1287139882976522,-1.2452873258447856
1723,1,0,5,8,0,2,0,1,,-0.33054331261773484,31,-0.9090831019796201,-0.8264506273670005,-0.9337393526677039,-0.7194771417163084,-1.0877903505554831,-0.8438113607002995,-1.0981207696327855,-0.7851093489074052,-0.8155064646979556,-1.025614622085954,-1.1958043929001931,-0.9985593767479394,-1.5549223658621132,-1.106079519830517,-0.9443976963808937,-1.3533786622348334,-1.1126299760398441,-0.04733450143087991,-1.1287139882976522,-1.2452873258447856
1724,1,0,5,31,0,2,0,1,,-0.33054331261773484,31,-0.9090831019796201,-0.8264506273670005,-0.9337393526677039,-0.7194771417163084,-1.0877903505554831,-0.8438113607002995,-1.0981207696327855,-0.7851093489074052,-0.8155064646979556,-1.025614622085954,-1.1958043929001931,-0.9985593767479394,-1.5549223658621132,-1.106079519830517,-0.9443976963808937,-1.3533786622348334,-1.1126299760398441,-0.04733450143087991,-1.1287139882976522,-1.2452873258447856
1725,1,1,1,0,0,0,1,2,,-0.35844837116391215,31,-0.9090831019796201,-0.8264506273670005,-0.9337393526677039,-0.7194771417163084,-1.0877903505554831,-0.8438113607002995,-1.0981207696327855,-0.7851093489074052,-0.8155064646979556,-1.025614622085954,-1.1958043929001931,-0.9985593767479394,-1.5549223658621132,-1.106079519830517,-0.9443976963808937,-1.3533786622348334,-1.1126299760398441,-0.04733450143087991,-1.1287139882976522,-1.2452873258447856
1726,1,1,1,32,0,0,1,2,,-0.35844837116391215,31,-0.9090831019796201,-0.8264506273670005,-0.9337393526677039,-0.7194771417163084,-1.0877903505554831,-0.8438113607002995,-1.0981207696327855,-0.7851093489074052,-0.8155064646979556,-1.025614622085954,-1.1958043929001931,-0.9985593767479394,-1.5549223658621132,-1.106079519830517,-0.9443976963808937,-1.3533786622348334,-1.1126299760398441,-0.04733450143087991,-1.1287139882976522,-1.2452873258447856
1727,1,1,1,33,0,0,0,2,,-0.35844837116391215,31,-0.9090831019796201,-0.8264506273670005,-0.9337393526677039,-0.7194771417163084,-1.0877903505554831,-0.8438113607002995,-1.0981207696327855,-0.7851093489074052,-0.8155064646979556,-1.025614622085954,-1.1958043929001931,-0.9985593767479394,-1.5549223658621132,-1.106079519830517,-0.9443976963808937,-1.3533786622348334,-1.1126299760398441,-0.04733450143087991,-1.1287139882976522,-1.2452873258447856
1728,1,1,1,41,0,0,0,2,,-0.35844837116391215,31,-0.9090831019796201,-0.8264506273670005,-0.9337393526677039,-0.7194771417163084,-1.0877903505554831,-0.8438113607002995,-1.0981207696327855,-0.7851093489074052,-0.8155064646979556,-1.025614622085954,-1.1958043929001931,-0.9985593767479394,-1.5549223658621132,-1.106079519830517,-0.9443976963808937,-1.3533786622348334,-1.1126299760398441,-0.04733450143087991,-1.1287139882976522,-1.2452873258447856
1729,2,0,0,35,0,2,0,1,,-0.502011547324691,31,-0.012655680910881179,-0.5900799935310622,-0.20611467076149548,-0.42038445512787015,-0.2034982414283479,-0.2222362191145908,-0.1619665797886034,-0.6743267039396671,-0.23453469548405023,0.19756840310791368,0.3626649472209997,1.9034294267932055,-0.6478070633286301,1.272644945760941,-0.447825905697287,-0.3167742652147619,-0.26031953328995183,0.012909822422361739,0.1840102239431134,0.4309592521559335
1730,2,0,2,1,0,1,0,0,,-0.40421322696016504,31,-0.012655680910881179,-0.5900799935310622,-0.20611467076149548,-0.42038445512787015,-0.2034982414283479,-0.2222362191145908,-0.1619665797886034,-0.6743267039396671,-0.23453469548405023,0.19756840310791368,0.3626649472209997,1.9034294267932055,-0.6478070633286301,1.272644945760941,-0.447825905697287,-0.3167742652147619,-0.26031953328995183,0.012909822422361739,0.1840102239431134,0.4309592521559335
1731,2,0,2,2,0,2,0,1,,-0.40421322696016504,31,-0.012655680910881179,-0.5900799935310622,-0.20611467076149548,-0.42038445512787015,-0.2034982414283479,-0.2222362191145908,-0.1619665797886034,-0.6743267039396671,-0.23453469548405023,0.19756840310791368,0.3626649472209997,1.9034294267932055,-0.6478070633286301,1.272644945760941,-0.447825905697287,-0.3167742652147619,-0.26031953328995183,0.012909822422361739,0.1840102239431134,0.4309592521559335
1732,2,0,2,4,0,2,0,1,,-0.40421322696016504,31,-0.012655680910881179,-0.5900799935310622,-0.20611467076149548,-0.42038445512787015,-0.2034982414283479,-0.2222362191145908,-0.1619665797886034,-0.6743267039396671,-0.23453469548405023,0.19756840310791368,0.3626649472209997,1.9034294267932055,-0.6478070633286301,1.272644945760941,-0.447825905697287,-0.3167742652147619,-0.26031953328995183,0.012909822422361739,0.1840102239431134,0.4309592521559335
1733,2,0,2,5,2,2,0,1,,2.834867143512927,31,-0.012655680910881179,-0.5900799935310622,-0.20611467076149548,-0.42038445512787015,-0.2034982414283479,-0.2222362191145908,-0.1619665797886034,-0.6743267039396671,-0.23453469548405023,0.19756840310791368,0.3626649472209997,1.9034294267932055,-0.6478070633286301,1.272644945760941,-0.447825905697287,-0.3167742652147619,-0.26031953328995183,0.012909822422361739,0.1840102239431134,0.4309592521559335
1734,2,0,2,7,1,2,0,1,,1.2700940176805169,31,-0.012655680910881179,-0.5900799935310622,-0.20611467076149548,-0.42038445512787015,-0.2034982414283479,-0.2222362191145908,-0.1619665797886034,-0.6743267039396671,-0.23453469548405023,0.19756840310791368,0.3626649472209997,1.9034294267932055,-0.6478070633286301,1.272644945760941,-0.447825905697287,-0.3167742652147619,-0.26031953328995183,0.012909822422361739,0.1840102239431134,0.4309592521559335
1735,2,0,2,10,2,2,0,1,,2.834867143512927,31,-0.012655680910881179,-0.5900799935310622,-0.20611467076149548,-0.42038445512787015,-0.2034982414283479,-0.2222362191145908,-0.1619665797886034,-0.6743267039396671,-0.23453469548405023,0.19756840310791368,0.3626649472209997,1.9034294267932055,-0.6478070633286301,1.272644945760941,-0.447825905697287,-0.3167742652147619,-0.26031953328995183,0.012909822422361739,0.1840102239431134,0.4309592521559335
1736,2,0,2,12,0,2,0,1,,-0.40421322696016504,31,-0.012655680910881179,-0.5900799935310622,-0.20611467076149548,-0.42038445512787015,-0.2034982414283479,-0.2222362191145908,-0.1619665797886034,-0.6743267039396671,-0.23453469548405023,0.19756840310791368,0.3626649472209997,1.9034294267932055,-0.6478070633286301,1.272644945760941,-0.447825905697287,-0.3167742652147619,-0.26031953328995183,0.012909822422361739,0.1840102239431134,0.4309592521559335
1737,2,0,2,17,0,2,1,1,,-0.40421322696016504,31,-0.012655680910881179,-0.5900799935310622,-0.20611467076149548,-0.42038445512787015,-0.2034982414283479,-0.2222362191145908,-0.1619665797886034,-0.6743267039396671,-0.23453469548405023,0.19756840310791368,0.3626649472209997,1.9034294267932055,-0.6478070633286301,1.272644945760941,-0.447825905697287,-0.3167742652147619,-0.26031953328995183,0.012909822422361739,0.1840102239431134,0.4309592521559335
1738,2,0,2,18,0,2,0,1,,-0.40421322696016504,31,-0.012655680910881179,-0.5900799935310622,-0.20611467076149548,-0.42038445512787015,-0.2034982414283479,-0.2222362191145908,-0.1619665797886034,-0.6743267039396671,-0.23453469548405023,0.19756840310791368,0.3626649472209997,1.9034294267932055,-0.6478070633286301,1.272644945760941,-0.447825905697287,-0.3167742652147619,-0.26031953328995183,0.012909822422361739,0.1840102239431134,0.4309592521559335
1739,2,0,2,22,0,2,0,1,,-0.40421322696016504,31,-0.012655680910881179,-0.5900799935310622,-0.20611467076149548,-0.42038445512787015,-0.2034982414283479,-0.2222362191145908,-0.1619665797886034,-0.6743267039396671,-0.23453469548405023,0.19756840310791368,0.3626649472209997,1.9034294267932055,-0.6478070633286301,1.272644945760941,-0.447825905697287,-0.3167742652147619,-0.26031953328995183,0.012909822422361739,0.1840102239431134,0.4309592521559335
1740,2,0,2,23,1,2,0,1,,1.2700940176805169,31,-0.012655680910881179,-0.5900799935310622,-0.20611467076149548,-0.42038445512787015,-0.2034982414283479,-0.2222362191145908,-0.1619665797886034,-0.6743267039396671,-0.23453469548405023,0.19756840310791368,0.3626649472209997,1.9034294267932055,-0.6478070633286301,1.272644945760941,-0.447825905697287,-0.3167742652147619,-0.26031953328995183,0.012909822422361739,0.1840102239431134,0.4309592521559335
1741,2,0,2,24,0,2,0,1,,-0.40421322696016504,31,-0.012655680910881179,-0.5900799935310622,-0.20611467076149548,-0.42038445512787015,-0.2034982414283479,-0.2222362191145908,-0.1619665797886034,-0.6743267039396671,-0.23453469548405023,0.19756840310791368,0.3626649472209997,1.9034294267932055,-0.6478070633286301,1.272644945760941,-0.447825905697287,-0.3167742652147619,-0.26031953328995183,0.012909822422361739,0.1840102239431134,0.4309592521559335
1742,2,0,3,19,0,2,0,1,,-0.2477359143769239,31,-0.012655680910881179,-0.5900799935310622,-0.20611467076149548,-0.42038445512787015,-0.2034982414283479,-0.2222362191145908,-0.1619665797886034,-0.6743267039396671,-0.23453469548405023,0.19756840310791368,0.3626649472209997,1.9034294267932055,-0.6478070633286301,1.272644945760941,-0.447825905697287,-0.3167742652147619,-0.26031953328995183,0.012909822422361739,0.1840102239431134,0.4309592521559335
1743,2,0,3,28,0,2,0,1,,-0.2477359143769239,31,-0.012655680910881179,-0.5900799935310622,-0.20611467076149548,-0.42038445512787015,-0.2034982414283479,-0.2222362191145908,-0.1619665797886034,-0.6743267039396671,-0.23453469548405023,0.19756840310791368,0.3626649472209997,1.9034294267932055,-0.6478070633286301,1.272644945760941,-0.447825905697287,-0.3167742652147619,-0.26031953328995183,0.012909822422361739,0.1840102239431134,0.4309592521559335
1744,2,0,4,40,0,2,0,1,,-0.654576927093351,31,-0.012655680910881179,-0.5900799935310622,-0.20611467076149548,-0.42038445512787015,-0.2034982414283479,-0.2222362191145908,-0.1619665797886034,-0.6743267039396671,-0.23453469548405023,0.19756840310791368,0.3626649472209997,1.9034294267932055,-0.6478070633286301,1.272644945760941,-0.447825905697287,-0.3167742652147619,-0.26031953328995183,0.012909822422361739,0.1840102239431134,0.4309592521559335
1745,2,0,5,8,0,2,0,1,,-0.38074163007267914,31,-0.012655680910881179,-0.5900799935310622,-0.20611467076149548,-0.42038445512787015,-0.2034982414283479,-0.2222362191145908,-0.1619665797886034,-0.6743267039396671,-0.23453469548405023,0.19756840310791368,0.3626649472209997,1.9034294267932055,-0.6478070633286301,1.272644945760941,-0.447825905697287,-0.3167742652147619,-0.26031953328995183,0.012909822422361739,0.1840102239431134,0.4309592521559335
1746,2,0,5,31,0,2,0,1,,-0.38074163007267914,31,-0.012655680910881179,-0.5900799935310622,-0.20611467076149548,-0.42038445512787015,-0.2034982414283479,-0.2222362191145908,-0.1619665797886034,-0.6743267039396671,-0.23453469548405023,0.19756840310791368,0.3626649472209997,1.9034294267932055,-0.6478070633286301,1.272644945760941,-0.447825905697287,-0.3167742652147619,-0.26031953328995183,0.012909822422361739,0.1840102239431134,0.4309592521559335
1747,2,0,6,34,0,2,0,1,,-0.38074163007267914,31,-0.012655680910881179,-0.5900799935310622,-0.20611467076149548,-0.42038445512787015,-0.2034982414283479,-0.2222362191145908,-0.1619665797886034,-0.6743267039396671,-0.23453469548405023,0.19756840310791368,0.3626649472209997,1.9034294267932055,-0.6478070633286301,1.272644945760941,-0.447825905697287,-0.3167742652147619,-0.26031953328995183,0.012909822422361739,0.1840102239431134,0.4309592521559335
1748,2,1,1,0,0,0,1,2,,-0.439420622291395,31,-0.012655680910881179,-0.5900799935310622,-0.20611467076149548,-0.42038445512787015,-0.2034982414283479,-0.2222362191145908,-0.1619665797886034,-0.6743267039396671,-0.23453469548405023,0.19756840310791368,0.3626649472209997,1.9034294267932055,-0.6478070633286301,1.272644945760941,-0.447825905697287,-0.3167742652147619,-0.26031953328995183,0.012909822422361739,0.1840102239431134,0.4309592521559335
1749,2,1,1,32,0,0,1,2,,-0.439420622291395,31,-0.012655680910881179,-0.5900799935310622,-0.20611467076149548,-0.42038445512787015,-0.2034982414283479,-0.2222362191145908,-0.1619665797886034,-0.6743267039396671,-0.23453469548405023,0.19756840310791368,0.3626649472209997,1.9034294267932055,-0.6478070633286301,1.272644945760941,-0.447825905697287,-0.3167742652147619,-0.26031953328995183,0.012909822422361739,0.1840102239431134,0.4309592521559335
1750,2,1,1,33,0,0,0,2,,-0.439420622291395,31,-0.012655680910881179,-0.5900799935310622,-0.20611467076149548,-0.42038445512787015,-0.2034982414283479,-0.2222362191145908,-0.1619665797886034,-0.6743267039396671,-0.23453469548405023,0.19756840310791368,0.3626649472209997,1.9034294267932055,-0.6478070633286301,1.272644945760941,-0.447825905697287,-0.3167742652147619,-0.26031953328995183,0.012909822422361739,0.1840102239431134,0.4309592521559335
1751,2,1,1,41,0,0,0,2,,-0.439420622291395,31,-0.012655680910881179,-0.5900799935310622,-0.20611467076149548,-0.42038445512787015,-0.2034982414283479,-0.2222362191145908,-0.1619665797886034,-0.6743267039396671,-0.23453469548405023,0.19756840310791368,0.3626649472209997,1.9034294267932055,-0.6478070633286301,1.272644945760941,-0.447825905697287,-0.3167742652147619,-0.26031953328995183,0.012909822422361739,0.1840102239431134,0.4309592521559335
1752,0,0,0,35,0,2,0,1,,-0.502011547324691,32,0.4837474805826748,1.5907204972171771,2.282243106898731,1.3638581234859164,2.3839802772394756,2.4210905835968197,1.4008377616247456,1.4245648045284658,2.3356844115182676,4.111474818197425,1.3374166799513456,-0.3278286506598811,1.7377883751522831,-0.34004960718242044,2.160201970165788,1.124047935782969,2.9358446270221443,1.5061016865657753,1.328360048007708,1.938612546347116
1753,0,0,2,2,0,2,0,1,,-0.40421322696016504,32,0.4837474805826748,1.5907204972171771,2.282243106898731,1.3638581234859164,2.3839802772394756,2.4210905835968197,1.4008377616247456,1.4245648045284658,2.3356844115182676,4.111474818197425,1.3374166799513456,-0.3278286506598811,1.7377883751522831,-0.34004960718242044,2.160201970165788,1.124047935782969,2.9358446270221443,1.5061016865657753,1.328360048007708,1.938612546347116
1754,0,0,2,4,0,2,0,1,,-0.40421322696016504,32,0.4837474805826748,1.5907204972171771,2.282243106898731,1.3638581234859164,2.3839802772394756,2.4210905835968197,1.4008377616247456,1.4245648045284658,2.3356844115182676,4.111474818197425,1.3374166799513456,-0.3278286506598811,1.7377883751522831,-0.34004960718242044,2.160201970165788,1.124047935782969,2.9358446270221443,1.5061016865657753,1.328360048007708,1.938612546347116
1755,0,0,2,5,2,2,0,1,,2.834867143512927,32,0.4837474805826748,1.5907204972171771,2.282243106898731,1.3638581234859164,2.3839802772394756,2.4210905835968197,1.4008377616247456,1.4245648045284658,2.3356844115182676,4.111474818197425,1.3374166799513456,-0.3278286506598811,1.7377883751522831,-0.34004960718242044,2.160201970165788,1.124047935782969,2.9358446270221443,1.5061016865657753,1.328360048007708,1.938612546347116
1756,0,0,2,7,1,2,0,1,,1.2700940176805169,32,0.4837474805826748,1.5907204972171771,2.282243106898731,1.3638581234859164,2.3839802772394756,2.4210905835968197,1.4008377616247456,1.4245648045284658,2.3356844115182676,4.111474818197425,1.3374166799513456,-0.3278286506598811,1.7377883751522831,-0.34004960718242044,2.160201970165788,1.124047935782969,2.9358446270221443,1.5061016865657753,1.328360048007708,1.938612546347116
1757,0,0,2,10,2,2,0,1,,2.834867143512927,32,0.4837474805826748,1.5907204972171771,2.282243106898731,1.3638581234859164,2.3839802772394756,2.4210905835968197,1.4008377616247456,1.4245648045284658,2.3356844115182676,4.111474818197425,1.3374166799513456,-0.3278286506598811,1.7377883751522831,-0.34004960718242044,2.160201970165788,1.124047935782969,2.9358446270221443,1.5061016865657753,1.328360048007708,1.938612546347116
1758,0,0,2,12,0,2,0,1,,-0.40421322696016504,32,0.4837474805826748,1.5907204972171771,2.282243106898731,1.3638581234859164,2.3839802772394756,2.4210905835968197,1.4008377616247456,1.4245648045284658,2.3356844115182676,4.111474818197425,1.3374166799513456,-0.3278286506598811,1.7377883751522831,-0.34004960718242044,2.160201970165788,1.124047935782969,2.9358446270221443,1.5061016865657753,1.328360048007708,1.938612546347116
1759,0,0,2,13,0,1,0,1,,-0.40421322696016504,32,0.4837474805826748,1.5907204972171771,2.282243106898731,1.3638581234859164,2.3839802772394756,2.4210905835968197,1.4008377616247456,1.4245648045284658,2.3356844115182676,4.111474818197425,1.3374166799513456,-0.3278286506598811,1.7377883751522831,-0.34004960718242044,2.160201970165788,1.124047935782969,2.9358446270221443,1.5061016865657753,1.328360048007708,1.938612546347116
1760,0,0,2,17,0,2,1,1,,-0.40421322696016504,32,0.4837474805826748,1.5907204972171771,2.282243106898731,1.3638581234859164,2.3839802772394756,2.4210905835968197,1.4008377616247456,1.4245648045284658,2.3356844115182676,4.111474818197425,1.3374166799513456,-0.3278286506598811,1.7377883751522831,-0.34004960718242044,2.160201970165788,1.124047935782969,2.9358446270221443,1.5061016865657753,1.328360048007708,1.938612546347116
1761,0,0,2,18,0,2,0,1,,-0.40421322696016504,32,0.4837474805826748,1.5907204972171771,2.282243106898731,1.3638581234859164,2.3839802772394756,2.4210905835968197,1.4008377616247456,1.4245648045284658,2.3356844115182676,4.111474818197425,1.3374166799513456,-0.3278286506598811,1.7377883751522831,-0.34004960718242044,2.160201970165788,1.124047935782969,2.9358446270221443,1.5061016865657753,1.328360048007708,1.938612546347116
1762,0,0,2,22,0,2,0,1,,-0.40421322696016504,32,0.4837474805826748,1.5907204972171771,2.282243106898731,1.3638581234859164,2.3839802772394756,2.4210905835968197,1.4008377616247456,1.4245648045284658,2.3356844115182676,4.111474818197425,1.3374166799513456,-0.3278286506598811,1.7377883751522831,-0.34004960718242044,2.160201970165788,1.124047935782969,2.9358446270221443,1.5061016865657753,1.328360048007708,1.938612546347116
1763,0,0,2,23,1,2,0,1,,1.2700940176805169,32,0.4837474805826748,1.5907204972171771,2.282243106898731,1.3638581234859164,2.3839802772394756,2.4210905835968197,1.4008377616247456,1.4245648045284658,2.3356844115182676,4.111474818197425,1.3374166799513456,-0.3278286506598811,1.7377883751522831,-0.34004960718242044,2.160201970165788,1.124047935782969,2.9358446270221443,1.5061016865657753,1.328360048007708,1.938612546347116
1764,0,0,2,24,0,2,0,1,,-0.40421322696016504,32,0.4837474805826748,1.5907204972171771,2.282243106898731,1.3638581234859164,2.3839802772394756,2.4210905835968197,1.4008377616247456,1.4245648045284658,2.3356844115182676,4.111474818197425,1.3374166799513456,-0.3278286506598811,1.7377883751522831,-0.34004960718242044,2.160201970165788,1.124047935782969,2.9358446270221443,1.5061016865657753,1.328360048007708,1.938612546347116
1765,0,0,4,40,0,2,0,1,,-0.654576927093351,32,0.4837474805826748,1.5907204972171771,2.282243106898731,1.3638581234859164,2.3839802772394756,2.4210905835968197,1.4008377616247456,1.4245648045284658,2.3356844115182676,4.111474818197425,1.3374166799513456,-0.3278286506598811,1.7377883751522831,-0.34004960718242044,2.160201970165788,1.124047935782969,2.9358446270221443,1.5061016865657753,1.328360048007708,1.938612546347116
1766,0,0,5,8,0,2,0,1,,-0.38074163007267914,32,0.4837474805826748,1.5907204972171771,2.282243106898731,1.3638581234859164,2.3839802772394756,2.4210905835968197,1.4008377616247456,1.4245648045284658,2.3356844115182676,4.111474818197425,1.3374166799513456,-0.3278286506598811,1.7377883751522831,-0.34004960718242044,2.160201970165788,1.124047935782969,2.9358446270221443,1.5061016865657753,1.328360048007708,1.938612546347116
1767,0,0,5,31,0,2,0,1,,-0.38074163007267914,32,0.4837474805826748,1.5907204972171771,2.282243106898731,1.3638581234859164,2.3839802772394756,2.4210905835968197,1.4008377616247456,1.4245648045284658,2.3356844115182676,4.111474818197425,1.3374166799513456,-0.3278286506598811,1.7377883751522831,-0.34004960718242044,2.160201970165788,1.124047935782969,2.9358446270221443,1.5061016865657753,1.328360048007708,1.938612546347116
1768,0,0,6,34,0,2,0,1,,-0.38074163007267914,32,0.4837474805826748,1.5907204972171771,2.282243106898731,1.3638581234859164,2.3839802772394756,2.4210905835968197,1.4008377616247456,1.4245648045284658,2.3356844115182676,4.111474818197425,1.3374166799513456,-0.3278286506598811,1.7377883751522831,-0.34004960718242044,2.160201970165788,1.124047935782969,2.9358446270221443,1.5061016865657753,1.328360048007708,1.938612546347116
1769,0,1,1,0,0,0,1,2,,-0.40421322696016504,32,0.4837474805826748,1.5907204972171771,2.282243106898731,1.3638581234859164,2.3839802772394756,2.4210905835968197,1.4008377616247456,1.4245648045284658,2.3356844115182676,4.111474818197425,1.3374166799513456,-0.3278286506598811,1.7377883751522831,-0.34004960718242044,2.160201970165788,1.124047935782969,2.9358446270221443,1.5061016865657753,1.328360048007708,1.938612546347116
1770,0,1,1,32,0,0,1,2,,-0.40421322696016504,32,0.4837474805826748,1.5907204972171771,2.282243106898731,1.3638581234859164,2.3839802772394756,2.4210905835968197,1.4008377616247456,1.4245648045284658,2.3356844115182676,4.111474818197425,1.3374166799513456,-0.3278286506598811,1.7377883751522831,-0.34004960718242044,2.160201970165788,1.124047935782969,2.9358446270221443,1.5061016865657753,1.328360048007708,1.938612546347116
1771,0,1,1,33,0,0,0,2,,-0.40421322696016504,32,0.4837474805826748,1.5907204972171771,2.282243106898731,1.3638581234859164,2.3839802772394756,2.4210905835968197,1.4008377616247456,1.4245648045284658,2.3356844115182676,4.111474818197425,1.3374166799513456,-0.3278286506598811,1.7377883751522831,-0.34004960718242044,2.160201970165788,1.124047935782969,2.9358446270221443,1.5061016865657753,1.328360048007708,1.938612546347116
1772,0,1,1,41,0,0,0,2,,-0.40421322696016504,32,0.4837474805826748,1.5907204972171771,2.282243106898731,1.3638581234859164,2.3839802772394756,2.4210905835968197,1.4008377616247456,1.4245648045284658,2.3356844115182676,4.111474818197425,1.3374166799513456,-0.3278286506598811,1.7377883751522831,-0.34004960718242044,2.160201970165788,1.124047935782969,2.9358446270221443,1.5061016865657753,1.328360048007708,1.938612546347116
1773,1,0,0,35,0,2,0,1,,-0.4561160760755311,32,-0.8189221937334001,-0.8433342440695675,-0.9001262559492106,-0.7285014900185458,-0.9171873713026597,-0.8236000629498887,-0.7083749436568403,-0.8160581513110909,-0.8015631422368219,-1.0200293114686305,-0.8274389125079111,-0.9965858100885798,-1.4312248246075472,-1.043083638856167,-0.9505535450257317,-1.3545368794382078,-0.8319911717197577,-0.20242356674947537,-0.6638218722714105,-1.1350733934165016
1774,1,0,2,5,2,2,0,1,,2.9529519096490655,32,-0.8189221937334001,-0.8433342440695675,-0.9001262559492106,-0.7285014900185458,-0.9171873713026597,-0.8236000629498887,-0.7083749436568403,-0.8160581513110909,-0.8015631422368219,-1.0200293114686305,-0.8274389125079111,-0.9965858100885798,-1.4312248246075472,-1.043083638856167,-0.9505535450257317,-1.3545368794382078,-0.8319911717197577,-0.20242356674947537,-0.6638218722714105,-1.1350733934165016
1775,1,0,2,7,1,2,0,1,,1.3530618863349322,32,-0.8189221937334001,-0.8433342440695675,-0.9001262559492106,-0.7285014900185458,-0.9171873713026597,-0.8236000629498887,-0.7083749436568403,-0.8160581513110909,-0.8015631422368219,-1.0200293114686305,-0.8274389125079111,-0.9965858100885798,-1.4312248246075472,-1.043083638856167,-0.9505535450257317,-1.3545368794382078,-0.8319911717197577,-0.20242356674947537,-0.6638218722714105,-1.1350733934165016
1776,1,0,2,10,2,2,0,1,,2.9529519096490655,32,-0.8189221937334001,-0.8433342440695675,-0.9001262559492106,-0.7285014900185458,-0.9171873713026597,-0.8236000629498887,-0.7083749436568403,-0.8160581513110909,-0.8015631422368219,-1.0200293114686305,-0.8274389125079111,-0.9965858100885798,-1.4312248246075472,-1.043083638856167,-0.9505535450257317,-1.3545368794382078,-0.8319911717197577,-0.20242356674947537,-0.6638218722714105,-1.1350733934165016
1777,1,0,2,12,0,2,0,1,,-0.35844837116391215,32,-0.8189221937334001,-0.8433342440695675,-0.9001262559492106,-0.7285014900185458,-0.9171873713026597,-0.8236000629498887,-0.7083749436568403,-0.8160581513110909,-0.8015631422368219,-1.0200293114686305,-0.8274389125079111,-0.9965858100885798,-1.4312248246075472,-1.043083638856167,-0.9505535450257317,-1.3545368794382078,-0.8319911717197577,-0.20242356674947537,-0.6638218722714105,-1.1350733934165016
1778,1,0,2,18,0,2,0,1,,-0.35844837116391215,32,-0.8189221937334001,-0.8433342440695675,-0.9001262559492106,-0.7285014900185458,-0.9171873713026597,-0.8236000629498887,-0.7083749436568403,-0.8160581513110909,-0.8015631422368219,-1.0200293114686305,-0.8274389125079111,-0.9965858100885798,-1.4312248246075472,-1.043083638856167,-0.9505535450257317,-1.3545368794382078,-0.8319911717197577,-0.20242356674947537,-0.6638218722714105,-1.1350733934165016
1779,1,0,2,22,0,2,0,1,,-0.35844837116391215,32,-0.8189221937334001,-0.8433342440695675,-0.9001262559492106,-0.7285014900185458,-0.9171873713026597,-0.8236000629498887,-0.7083749436568403,-0.8160581513110909,-0.8015631422368219,-1.0200293114686305,-0.8274389125079111,-0.9965858100885798,-1.4312248246075472,-1.043083638856167,-0.9505535450257317,-1.3545368794382078,-0.8319911717197577,-0.20242356674947537,-0.6638218722714105,-1.1350733934165016
1780,1,0,2,23,1,2,0,1,,1.3530618863349322,32,-0.8189221937334001,-0.8433342440695675,-0.9001262559492106,-0.7285014900185458,-0.9171873713026597,-0.8236000629498887,-0.7083749436568403,-0.8160581513110909,-0.8015631422368219,-1.0200293114686305,-0.8274389125079111,-0.9965858100885798,-1.4312248246075472,-1.043083638856167,-0.9505535450257317,-1.3545368794382078,-0.8319911717197577,-0.20242356674947537,-0.6638218722714105,-1.1350733934165016
1781,1,0,5,8,0,2,0,1,,-0.33054331261773484,32,-0.8189221937334001,-0.8433342440695675,-0.9001262559492106,-0.7285014900185458,-0.9171873713026597,-0.8236000629498887,-0.7083749436568403,-0.8160581513110909,-0.8015631422368219,-1.0200293114686305,-0.8274389125079111,-0.9965858100885798,-1.4312248246075472,-1.043083638856167,-0.9505535450257317,-1.3545368794382078,-0.8319911717197577,-0.20242356674947537,-0.6638218722714105,-1.1350733934165016
1782,1,0,5,31,0,2,0,1,,-0.33054331261773484,32,-0.8189221937334001,-0.8433342440695675,-0.9001262559492106,-0.7285014900185458,-0.9171873713026597,-0.8236000629498887,-0.7083749436568403,-0.8160581513110909,-0.8015631422368219,-1.0200293114686305,-0.8274389125079111,-0.9965858100885798,-1.4312248246075472,-1.043083638856167,-0.9505535450257317,-1.3545368794382078,-0.8319911717197577,-0.20242356674947537,-0.6638218722714105,-1.1350733934165016
1783,1,1,1,0,0,0,1,2,,-0.35844837116391215,32,-0.8189221937334001,-0.8433342440695675,-0.9001262559492106,-0.7285014900185458,-0.9171873713026597,-0.8236000629498887,-0.7083749436568403,-0.8160581513110909,-0.8015631422368219,-1.0200293114686305,-0.8274389125079111,-0.9965858100885798,-1.4312248246075472,-1.043083638856167,-0.9505535450257317,-1.3545368794382078,-0.8319911717197577,-0.20242356674947537,-0.6638218722714105,-1.1350733934165016
1784,1,1,1,32,0,0,1,2,,-0.35844837116391215,32,-0.8189221937334001,-0.8433342440695675,-0.9001262559492106,-0.7285014900185458,-0.9171873713026597,-0.8236000629498887,-0.7083749436568403,-0.8160581513110909,-0.8015631422368219,-1.0200293114686305,-0.8274389125079111,-0.9965858100885798,-1.4312248246075472,-1.043083638856167,-0.9505535450257317,-1.3545368794382078,-0.8319911717197577,-0.20242356674947537,-0.6638218722714105,-1.1350733934165016
1785,1,1,1,33,0,0,0,2,,-0.35844837116391215,32,-0.8189221937334001,-0.8433342440695675,-0.9001262559492106,-0.7285014900185458,-0.9171873713026597,-0.8236000629498887,-0.7083749436568403,-0.8160581513110909,-0.8015631422368219,-1.0200293114686305,-0.8274389125079111,-0.9965858100885798,-1.4312248246075472,-1.043083638856167,-0.9505535450257317,-1.3545368794382078,-0.8319911717197577,-0.20242356674947537,-0.6638218722714105,-1.1350733934165016
1786,1,1,1,41,0,0,0,2,,-0.35844837116391215,32,-0.8189221937334001,-0.8433342440695675,-0.9001262559492106,-0.7285014900185458,-0.9171873713026597,-0.8236000629498887,-0.7083749436568403,-0.8160581513110909,-0.8015631422368219,-1.0200293114686305,-0.8274389125079111,-0.9965858100885798,-1.4312248246075472,-1.043083638856167,-0.9505535450257317,-1.3545368794382078,-0.8319911717197577,-0.20242356674947537,-0.6638218722714105,-1.1350733934165016
1787,2,0,0,35,0,2,0,1,,-0.502011547324691,32,0.1541938159585604,-0.6716841409268028,-0.09736641667225238,-0.4822657006289264,-0.1693776455777832,-0.3208051635281324,-0.11611412967378631,-0.7436098184115542,-0.3925590167102325,1.5701584873151877,0.14731282022243486,1.4345663761482115,-0.5771227540403068,1.6833780897137034,-0.5155402407905061,-0.22759154055493447,-0.003067295996539248,-0.34733049282526945,-0.25406119308161423,0.7487732995857121
1788,2,0,2,1,0,1,0,0,,-0.40421322696016504,32,0.1541938159585604,-0.6716841409268028,-0.09736641667225238,-0.4822657006289264,-0.1693776455777832,-0.3208051635281324,-0.11611412967378631,-0.7436098184115542,-0.3925590167102325,1.5701584873151877,0.14731282022243486,1.4345663761482115,-0.5771227540403068,1.6833780897137034,-0.5155402407905061,-0.22759154055493447,-0.003067295996539248,-0.34733049282526945,-0.25406119308161423,0.7487732995857121
1789,2,0,2,2,0,2,0,1,,-0.40421322696016504,32,0.1541938159585604,-0.6716841409268028,-0.09736641667225238,-0.4822657006289264,-0.1693776455777832,-0.3208051635281324,-0.11611412967378631,-0.7436098184115542,-0.3925590167102325,1.5701584873151877,0.14731282022243486,1.4345663761482115,-0.5771227540403068,1.6833780897137034,-0.5155402407905061,-0.22759154055493447,-0.003067295996539248,-0.34733049282526945,-0.25406119308161423,0.7487732995857121
1790,2,0,2,4,0,2,0,1,,-0.40421322696016504,32,0.1541938159585604,-0.6716841409268028,-0.09736641667225238,-0.4822657006289264,-0.1693776455777832,-0.3208051635281324,-0.11611412967378631,-0.7436098184115542,-0.3925590167102325,1.5701584873151877,0.14731282022243486,1.4345663761482115,-0.5771227540403068,1.6833780897137034,-0.5155402407905061,-0.22759154055493447,-0.003067295996539248,-0.34733049282526945,-0.25406119308161423,0.7487732995857121
1791,2,0,2,5,2,2,0,1,,2.834867143512927,32,0.1541938159585604,-0.6716841409268028,-0.09736641667225238,-0.4822657006289264,-0.1693776455777832,-0.3208051635281324,-0.11611412967378631,-0.7436098184115542,-0.3925590167102325,1.5701584873151877,0.14731282022243486,1.4345663761482115,-0.5771227540403068,1.6833780897137034,-0.5155402407905061,-0.22759154055493447,-0.003067295996539248,-0.34733049282526945,-0.25406119308161423,0.7487732995857121
1792,2,0,2,7,1,2,0,1,,1.2700940176805169,32,0.1541938159585604,-0.6716841409268028,-0.09736641667225238,-0.4822657006289264,-0.1693776455777832,-0.3208051635281324,-0.11611412967378631,-0.7436098184115542,-0.3925590167102325,1.5701584873151877,0.14731282022243486,1.4345663761482115,-0.5771227540403068,1.6833780897137034,-0.5155402407905061,-0.22759154055493447,-0.003067295996539248,-0.34733049282526945,-0.25406119308161423,0.7487732995857121
1793,2,0,2,10,2,2,0,1,,2.834867143512927,32,0.1541938159585604,-0.6716841409268028,-0.09736641667225238,-0.4822657006289264,-0.1693776455777832,-0.3208051635281324,-0.11611412967378631,-0.7436098184115542,-0.3925590167102325,1.5701584873151877,0.14731282022243486,1.4345663761482115,-0.5771227540403068,1.6833780897137034,-0.5155402407905061,-0.22759154055493447,-0.003067295996539248,-0.34733049282526945,-0.25406119308161423,0.7487732995857121
1794,2,0,2,12,0,2,0,1,,-0.40421322696016504,32,0.1541938159585604,-0.6716841409268028,-0.09736641667225238,-0.4822657006289264,-0.1693776455777832,-0.3208051635281324,-0.11611412967378631,-0.7436098184115542,-0.3925590167102325,1.5701584873151877,0.14731282022243486,1.4345663761482115,-0.5771227540403068,1.6833780897137034,-0.5155402407905061,-0.22759154055493447,-0.003067295996539248,-0.34733049282526945,-0.25406119308161423,0.7487732995857121
1795,2,0,2,17,0,2,1,1,,-0.40421322696016504,32,0.1541938159585604,-0.6716841409268028,-0.09736641667225238,-0.4822657006289264,-0.1693776455777832,-0.3208051635281324,-0.11611412967378631,-0.7436098184115542,-0.3925590167102325,1.5701584873151877,0.14731282022243486,1.4345663761482115,-0.5771227540403068,1.6833780897137034,-0.5155402407905061,-0.22759154055493447,-0.003067295996539248,-0.34733049282526945,-0.25406119308161423,0.7487732995857121
1796,2,0,2,18,0,2,0,1,,-0.40421322696016504,32,0.1541938159585604,-0.6716841409268028,-0.09736641667225238,-0.4822657006289264,-0.1693776455777832,-0.3208051635281324,-0.11611412967378631,-0.7436098184115542,-0.3925590167102325,1.5701584873151877,0.14731282022243486,1.4345663761482115,-0.5771227540403068,1.6833780897137034,-0.5155402407905061,-0.22759154055493447,-0.003067295996539248,-0.34733049282526945,-0.25406119308161423,0.7487732995857121
1797,2,0,2,22,0,2,0,1,,-0.40421322696016504,32,0.1541938159585604,-0.6716841409268028,-0.09736641667225238,-0.4822657006289264,-0.1693776455777832,-0.3208051635281324,-0.11611412967378631,-0.7436098184115542,-0.3925590167102325,1.5701584873151877,0.14731282022243486,1.4345663761482115,-0.5771227540403068,1.6833780897137034,-0.5155402407905061,-0.22759154055493447,-0.003067295996539248,-0.34733049282526945,-0.25406119308161423,0.7487732995857121
1798,2,0,2,23,1,2,0,1,,1.2700940176805169,32,0.1541938159585604,-0.6716841409268028,-0.09736641667225238,-0.4822657006289264,-0.1693776455777832,-0.3208051635281324,-0.11611412967378631,-0.7436098184115542,-0.3925590167102325,1.5701584873151877,0.14731282022243486,1.4345663761482115,-0.5771227540403068,1.6833780897137034,-0.5155402407905061,-0.22759154055493447,-0.003067295996539248,-0.34733049282526945,-0.25406119308161423,0.7487732995857121
1799,2,0,2,24,0,2,0,1,,-0.40421322696016504,32,0.1541938159585604,-0.6716841409268028,-0.09736641667225238,-0.4822657006289264,-0.1693776455777832,-0.3208051635281324,-0.11611412967378631,-0.7436098184115542,-0.3925590167102325,1.5701584873151877,0.14731282022243486,1.4345663761482115,-0.5771227540403068,1.6833780897137034,-0.5155402407905061,-0.22759154055493447,-0.003067295996539248,-0.34733049282526945,-0.25406119308161423,0.7487732995857121
1800,2,0,3,19,0,2,0,1,,-0.2477359143769239,32,0.1541938159585604,-0.6716841409268028,-0.09736641667225238,-0.4822657006289264,-0.1693776455777832,-0.3208051635281324,-0.11611412967378631,-0.7436098184115542,-0.3925590167102325,1.5701584873151877,0.14731282022243486,1.4345663761482115,-0.5771227540403068,1.6833780897137034,-0.5155402407905061,-0.22759154055493447,-0.003067295996539248,-0.34733049282526945,-0.25406119308161423,0.7487732995857121
1801,2,0,3,28,0,2,0,1,,-0.2477359143769239,32,0.1541938159585604,-0.6716841409268028,-0.09736641667225238,-0.4822657006289264,-0.1693776455777832,-0.3208051635281324,-0.11611412967378631,-0.7436098184115542,-0.3925590167102325,1.5701584873151877,0.14731282022243486,1.4345663761482115,-0.5771227540403068,1.6833780897137034,-0.5155402407905061,-0.22759154055493447,-0.003067295996539248,-0.34733049282526945,-0.25406119308161423,0.7487732995857121
1802,2,0,4,40,0,2,0,1,,-0.654576927093351,32,0.1541938159585604,-0.6716841409268028,-0.09736641667225238,-0.4822657006289264,-0.1693776455777832,-0.3208051635281324,-0.11611412967378631,-0.7436098184115542,-0.3925590167102325,1.5701584873151877,0.14731282022243486,1.4345663761482115,-0.5771227540403068,1.6833780897137034,-0.5155402407905061,-0.22759154055493447,-0.003067295996539248,-0.34733049282526945,-0.25406119308161423,0.7487732995857121
1803,2,0,5,8,0,2,0,1,,-0.38074163007267914,32,0.1541938159585604,-0.6716841409268028,-0.09736641667225238,-0.4822657006289264,-0.1693776455777832,-0.3208051635281324,-0.11611412967378631,-0.7436098184115542,-0.3925590167102325,1.5701584873151877,0.14731282022243486,1.4345663761482115,-0.5771227540403068,1.6833780897137034,-0.5155402407905061,-0.22759154055493447,-0.003067295996539248,-0.34733049282526945,-0.25406119308161423,0.7487732995857121
1804,2,0,5,31,0,2,0,1,,-0.38074163007267914,32,0.1541938159585604,-0.6716841409268028,-0.09736641667225238,-0.4822657006289264,-0.1693776455777832,-0.3208051635281324,-0.11611412967378631,-0.7436098184115542,-0.3925590167102325,1.5701584873151877,0.14731282022243486,1.4345663761482115,-0.5771227540403068,1.6833780897137034,-0.5155402407905061,-0.22759154055493447,-0.003067295996539248,-0.34733049282526945,-0.25406119308161423,0.7487732995857121
1805,2,0,6,34,0,2,0,1,,-0.38074163007267914,32,0.1541938159585604,-0.6716841409268028,-0.09736641667225238,-0.4822657006289264,-0.1693776455777832,-0.3208051635281324,-0.11611412967378631,-0.7436098184115542,-0.3925590167102325,1.5701584873151877,0.14731282022243486,1.4345663761482115,-0.5771227540403068,1.6833780897137034,-0.5155402407905061,-0.22759154055493447,-0.003067295996539248,-0.34733049282526945,-0.25406119308161423,0.7487732995857121
1806,2,1,1,0,0,0,1,2,,-0.439420622291395,32,0.1541938159585604,-0.6716841409268028,-0.09736641667225238,-0.4822657006289264,-0.1693776455777832,-0.3208051635281324,-0.11611412967378631,-0.7436098184115542,-0.3925590167102325,1.5701584873151877,0.14731282022243486,1.4345663761482115,-0.5771227540403068,1.6833780897137034,-0.5155402407905061,-0.22759154055493447,-0.003067295996539248,-0.34733049282526945,-0.25406119308161423,0.7487732995857121
1807,2,1,1,32,0,0,1,2,,-0.439420622291395,32,0.1541938159585604,-0.6716841409268028,-0.09736641667225238,-0.4822657006289264,-0.1693776455777832,-0.3208051635281324,-0.11611412967378631,-0.7436098184115542,-0.3925590167102325,1.5701584873151877,0.14731282022243486,1.4345663761482115,-0.5771227540403068,1.6833780897137034,-0.5155402407905061,-0.22759154055493447,-0.003067295996539248,-0.34733049282526945,-0.25406119308161423,0.7487732995857121
1808,2,1,1,33,0,0,0,2,,-0.439420622291395,32,0.1541938159585604,-0.6716841409268028,-0.09736641667225238,-0.4822657006289264,-0.1693776455777832,-0.3208051635281324,-0.11611412967378631,-0.7436098184115542,-0.3925590167102325,1.5701584873151877,0.14731282022243486,1.4345663761482115,-0.5771227540403068,1.6833780897137034,-0.5155402407905061,-0.22759154055493447,-0.003067295996539248,-0.34733049282526945,-0.25406119308161423,0.7487732995857121
1809,2,1,1,41,0,0,0,2,,-0.439420622291395,32,0.1541938159585604,-0.6716841409268028,-0.09736641667225238,-0.4822657006289264,-0.1693776455777832,-0.3208051635281324,-0.11611412967378631,-0.7436098184115542,-0.3925590167102325,1.5701584873151877,0.14731282022243486,1.4345663761482115,-0.5771227540403068,1.6833780897137034,-0.5155402407905061,-0.22759154055493447,-0.003067295996539248,-0.34733049282526945,-0.25406119308161423,0.7487732995857121
1810,0,0,0,35,0,2,0,1,,-0.502011547324691,33,0.03397927163026709,1.489418797001775,1.891738012669176,1.2942417222972282,1.8067735307674229,2.0047378499383584,1.8708253753016206,1.6032238002224692,1.4502834352362755,0.7002463586670374,1.4280912597402151,-0.5170091118642053,1.125191027986814,-0.11326443567476023,2.5541762834354262,1.2514518281541507,1.537847620316528,1.7917672597665923,1.3700811353433964,1.5663460097366173
1811,0,0,2,2,0,2,0,1,,-0.40421322696016504,33,0.03397927163026709,1.489418797001775,1.891738012669176,1.2942417222972282,1.8067735307674229,2.0047378499383584,1.8708253753016206,1.6032238002224692,1.4502834352362755,0.7002463586670374,1.4280912597402151,-0.5170091118642053,1.125191027986814,-0.11326443567476023,2.5541762834354262,1.2514518281541507,1.537847620316528,1.7917672597665923,1.3700811353433964,1.5663460097366173
1812,0,0,2,4,0,2,0,1,,-0.40421322696016504,33,0.03397927163026709,1.489418797001775,1.891738012669176,1.2942417222972282,1.8067735307674229,2.0047378499383584,1.8708253753016206,1.6032238002224692,1.4502834352362755,0.7002463586670374,1.4280912597402151,-0.5170091118642053,1.125191027986814,-0.11326443567476023,2.5541762834354262,1.2514518281541507,1.537847620316528,1.7917672597665923,1.3700811353433964,1.5663460097366173
1813,0,0,2,5,2,2,0,1,,2.834867143512927,33,0.03397927163026709,1.489418797001775,1.891738012669176,1.2942417222972282,1.8067735307674229,2.0047378499383584,1.8708253753016206,1.6032238002224692,1.4502834352362755,0.7002463586670374,1.4280912597402151,-0.5170091118642053,1.125191027986814,-0.11326443567476023,2.5541762834354262,1.2514518281541507,1.537847620316528,1.7917672597665923,1.3700811353433964,1.5663460097366173
1814,0,0,2,7,1,2,0,1,,1.2700940176805169,33,0.03397927163026709,1.489418797001775,1.891738012669176,1.2942417222972282,1.8067735307674229,2.0047378499383584,1.8708253753016206,1.6032238002224692,1.4502834352362755,0.7002463586670374,1.4280912597402151,-0.5170091118642053,1.125191027986814,-0.11326443567476023,2.5541762834354262,1.2514518281541507,1.537847620316528,1.7917672597665923,1.3700811353433964,1.5663460097366173
1815,0,0,2,10,2,2,0,1,,2.834867143512927,33,0.03397927163026709,1.489418797001775,1.891738012669176,1.2942417222972282,1.8067735307674229,2.0047378499383584,1.8708253753016206,1.6032238002224692,1.4502834352362755,0.7002463586670374,1.4280912597402151,-0.5170091118642053,1.125191027986814,-0.11326443567476023,2.5541762834354262,1.2514518281541507,1.537847620316528,1.7917672597665923,1.3700811353433964,1.5663460097366173
1816,0,0,2,12,0,2,0,1,,-0.40421322696016504,33,0.03397927163026709,1.489418797001775,1.891738012669176,1.2942417222972282,1.8067735307674229,2.0047378499383584,1.8708253753016206,1.6032238002224692,1.4502834352362755,0.7002463586670374,1.4280912597402151,-0.5170091118642053,1.125191027986814,-0.11326443567476023,2.5541762834354262,1.2514518281541507,1.537847620316528,1.7917672597665923,1.3700811353433964,1.5663460097366173
1817,0,0,2,13,0,1,0,1,,-0.40421322696016504,33,0.03397927163026709,1.489418797001775,1.891738012669176,1.2942417222972282,1.8067735307674229,2.0047378499383584,1.8708253753016206,1.6032238002224692,1.4502834352362755,0.7002463586670374,1.4280912597402151,-0.5170091118642053,1.125191027986814,-0.11326443567476023,2.5541762834354262,1.2514518281541507,1.537847620316528,1.7917672597665923,1.3700811353433964,1.5663460097366173
1818,0,0,2,17,0,2,1,1,,-0.40421322696016504,33,0.03397927163026709,1.489418797001775,1.891738012669176,1.2942417222972282,1.8067735307674229,2.0047378499383584,1.8708253753016206,1.6032238002224692,1.4502834352362755,0.7002463586670374,1.4280912597402151,-0.5170091118642053,1.125191027986814,-0.11326443567476023,2.5541762834354262,1.2514518281541507,1.537847620316528,1.7917672597665923,1.3700811353433964,1.5663460097366173
1819,0,0,2,18,0,2,0,1,,-0.40421322696016504,33,0.03397927163026709,1.489418797001775,1.891738012669176,1.2942417222972282,1.8067735307674229,2.0047378499383584,1.8708253753016206,1.6032238002224692,1.4502834352362755,0.7002463586670374,1.4280912597402151,-0.5170091118642053,1.125191027986814,-0.11326443567476023,2.5541762834354262,1.2514518281541507,1.537847620316528,1.7917672597665923,1.3700811353433964,1.5663460097366173
1820,0,0,2,22,0,2,0,1,,-0.40421322696016504,33,0.03397927163026709,1.489418797001775,1.891738012669176,1.2942417222972282,1.8067735307674229,2.0047378499383584,1.8708253753016206,1.6032238002224692,1.4502834352362755,0.7002463586670374,1.4280912597402151,-0.5170091118642053,1.125191027986814,-0.11326443567476023,2.5541762834354262,1.2514518281541507,1.537847620316528,1.7917672597665923,1.3700811353433964,1.5663460097366173
1821,0,0,2,23,1,2,0,1,,1.2700940176805169,33,0.03397927163026709,1.489418797001775,1.891738012669176,1.2942417222972282,1.8067735307674229,2.0047378499383584,1.8708253753016206,1.6032238002224692,1.4502834352362755,0.7002463586670374,1.4280912597402151,-0.5170091118642053,1.125191027986814,-0.11326443567476023,2.5541762834354262,1.2514518281541507,1.537847620316528,1.7917672597665923,1.3700811353433964,1.5663460097366173
1822,0,0,2,24,0,2,0,1,,-0.40421322696016504,33,0.03397927163026709,1.489418797001775,1.891738012669176,1.2942417222972282,1.8067735307674229,2.0047378499383584,1.8708253753016206,1.6032238002224692,1.4502834352362755,0.7002463586670374,1.4280912597402151,-0.5170091118642053,1.125191027986814,-0.11326443567476023,2.5541762834354262,1.2514518281541507,1.537847620316528,1.7917672597665923,1.3700811353433964,1.5663460097366173
1823,0,0,4,40,0,2,0,1,,-0.654576927093351,33,0.03397927163026709,1.489418797001775,1.891738012669176,1.2942417222972282,1.8067735307674229,2.0047378499383584,1.8708253753016206,1.6032238002224692,1.4502834352362755,0.7002463586670374,1.4280912597402151,-0.5170091118642053,1.125191027986814,-0.11326443567476023,2.5541762834354262,1.2514518281541507,1.537847620316528,1.7917672597665923,1.3700811353433964,1.5663460097366173
1824,0,0,5,8,0,2,0,1,,-0.38074163007267914,33,0.03397927163026709,1.489418797001775,1.891738012669176,1.2942417222972282,1.8067735307674229,2.0047378499383584,1.8708253753016206,1.6032238002224692,1.4502834352362755,0.7002463586670374,1.4280912597402151,-0.5170091118642053,1.125191027986814,-0.11326443567476023,2.5541762834354262,1.2514518281541507,1.537847620316528,1.7917672597665923,1.3700811353433964,1.5663460097366173
1825,0,0,5,31,0,2,0,1,,-0.38074163007267914,33,0.03397927163026709,1.489418797001775,1.891738012669176,1.2942417222972282,1.8067735307674229,2.0047378499383584,1.8708253753016206,1.6032238002224692,1.4502834352362755,0.7002463586670374,1.4280912597402151,-0.5170091118642053,1.125191027986814,-0.11326443567476023,2.5541762834354262,1.2514518281541507,1.537847620316528,1.7917672597665923,1.3700811353433964,1.5663460097366173
1826,0,0,6,34,0,2,0,1,,-0.38074163007267914,33,0.03397927163026709,1.489418797001775,1.891738012669176,1.2942417222972282,1.8067735307674229,2.0047378499383584,1.8708253753016206,1.6032238002224692,1.4502834352362755,0.7002463586670374,1.4280912597402151,-0.5170091118642053,1.125191027986814,-0.11326443567476023,2.5541762834354262,1.2514518281541507,1.537847620316528,1.7917672597665923,1.3700811353433964,1.5663460097366173
1827,0,1,1,0,0,0,1,2,,-0.40421322696016504,33,0.03397927163026709,1.489418797001775,1.891738012669176,1.2942417222972282,1.8067735307674229,2.0047378499383584,1.8708253753016206,1.6032238002224692,1.4502834352362755,0.7002463586670374,1.4280912597402151,-0.5170091118642053,1.125191027986814,-0.11326443567476023,2.5541762834354262,1.2514518281541507,1.537847620316528,1.7917672597665923,1.3700811353433964,1.5663460097366173
1828,0,1,1,32,0,0,1,2,,-0.40421322696016504,33,0.03397927163026709,1.489418797001775,1.891738012669176,1.2942417222972282,1.8067735307674229,2.0047378499383584,1.8708253753016206,1.6032238002224692,1.4502834352362755,0.7002463586670374,1.4280912597402151,-0.5170091118642053,1.125191027986814,-0.11326443567476023,2.5541762834354262,1.2514518281541507,1.537847620316528,1.7917672597665923,1.3700811353433964,1.5663460097366173
1829,0,1,1,33,0,0,0,2,,-0.40421322696016504,33,0.03397927163026709,1.489418797001775,1.891738012669176,1.2942417222972282,1.8067735307674229,2.0047378499383584,1.8708253753016206,1.6032238002224692,1.4502834352362755,0.7002463586670374,1.4280912597402151,-0.5170091118642053,1.125191027986814,-0.11326443567476023,2.5541762834354262,1.2514518281541507,1.537847620316528,1.7917672597665923,1.3700811353433964,1.5663460097366173
1830,0,1,1,41,0,0,0,2,,-0.40421322696016504,33,0.03397927163026709,1.489418797001775,1.891738012669176,1.2942417222972282,1.8067735307674229,2.0047378499383584,1.8708253753016206,1.6032238002224692,1.4502834352362755,0.7002463586670374,1.4280912597402151,-0.5170091118642053,1.125191027986814,-0.11326443567476023,2.5541762834354262,1.2514518281541507,1.537847620316528,1.7917672597665923,1.3700811353433964,1.5663460097366173
1831,1,0,0,35,0,2,0,1,,-0.4561160760755311,33,-0.9577907190781527,-0.8320784996011895,-0.9624093469275953,-0.7285014900185458,-1.0053322439166186,-0.8425675885310434,-0.905158375399597,-0.7847576579709998,-0.8643080933119237,-1.0242182944316234,-0.6064196242725419,-1.0118104671750678,-0.9482153778040043,-1.128758036981283,-0.9669691414119667,-1.3695937030820746,-0.8683702759834726,-0.30254793597035584,-1.2866581046399008,-1.21937003532127
1832,1,0,2,5,2,2,0,1,,2.9529519096490655,33,-0.9577907190781527,-0.8320784996011895,-0.9624093469275953,-0.7285014900185458,-1.0053322439166186,-0.8425675885310434,-0.905158375399597,-0.7847576579709998,-0.8643080933119237,-1.0242182944316234,-0.6064196242725419,-1.0118104671750678,-0.9482153778040043,-1.128758036981283,-0.9669691414119667,-1.3695937030820746,-0.8683702759834726,-0.30254793597035584,-1.2866581046399008,-1.21937003532127
1833,1,0,2,7,1,2,0,1,,1.3530618863349322,33,-0.9577907190781527,-0.8320784996011895,-0.9624093469275953,-0.7285014900185458,-1.0053322439166186,-0.8425675885310434,-0.905158375399597,-0.7847576579709998,-0.8643080933119237,-1.0242182944316234,-0.6064196242725419,-1.0118104671750678,-0.9482153778040043,-1.128758036981283,-0.9669691414119667,-1.3695937030820746,-0.8683702759834726,-0.30254793597035584,-1.2866581046399008,-1.21937003532127
1834,1,0,2,10,2,2,0,1,,2.9529519096490655,33,-0.9577907190781527,-0.8320784996011895,-0.9624093469275953,-0.7285014900185458,-1.0053322439166186,-0.8425675885310434,-0.905158375399597,-0.7847576579709998,-0.8643080933119237,-1.0242182944316234,-0.6064196242725419,-1.0118104671750678,-0.9482153778040043,-1.128758036981283,-0.9669691414119667,-1.3695937030820746,-0.8683702759834726,-0.30254793597035584,-1.2866581046399008,-1.21937003532127
1835,1,0,2,12,0,2,0,1,,-0.35844837116391215,33,-0.9577907190781527,-0.8320784996011895,-0.9624093469275953,-0.7285014900185458,-1.0053322439166186,-0.8425675885310434,-0.905158375399597,-0.7847576579709998,-0.8643080933119237,-1.0242182944316234,-0.6064196242725419,-1.0118104671750678,-0.9482153778040043,-1.128758036981283,-0.9669691414119667,-1.3695937030820746,-0.8683702759834726,-0.30254793597035584,-1.2866581046399008,-1.21937003532127
1836,1,0,2,18,0,2,0,1,,-0.35844837116391215,33,-0.9577907190781527,-0.8320784996011895,-0.9624093469275953,-0.7285014900185458,-1.0053322439166186,-0.8425675885310434,-0.905158375399597,-0.7847576579709998,-0.8643080933119237,-1.0242182944316234,-0.6064196242725419,-1.0118104671750678,-0.9482153778040043,-1.128758036981283,-0.9669691414119667,-1.3695937030820746,-0.8683702759834726,-0.30254793597035584,-1.2866581046399008,-1.21937003532127
1837,1,0,2,22,0,2,0,1,,-0.35844837116391215,33,-0.9577907190781527,-0.8320784996011895,-0.9624093469275953,-0.7285014900185458,-1.0053322439166186,-0.8425675885310434,-0.905158375399597,-0.7847576579709998,-0.8643080933119237,-1.0242182944316234,-0.6064196242725419,-1.0118104671750678,-0.9482153778040043,-1.128758036981283,-0.9669691414119667,-1.3695937030820746,-0.8683702759834726,-0.30254793597035584,-1.2866581046399008,-1.21937003532127
1838,1,0,2,23,1,2,0,1,,1.3530618863349322,33,-0.9577907190781527,-0.8320784996011895,-0.9624093469275953,-0.7285014900185458,-1.0053322439166186,-0.8425675885310434,-0.905158375399597,-0.7847576579709998,-0.8643080933119237,-1.0242182944316234,-0.6064196242725419,-1.0118104671750678,-0.9482153778040043,-1.128758036981283,-0.9669691414119667,-1.3695937030820746,-0.8683702759834726,-0.30254793597035584,-1.2866581046399008,-1.21937003532127
1839,1,0,5,8,0,2,0,1,,-0.33054331261773484,33,-0.9577907190781527,-0.8320784996011895,-0.9624093469275953,-0.7285014900185458,-1.0053322439166186,-0.8425675885310434,-0.905158375399597,-0.7847576579709998,-0.8643080933119237,-1.0242182944316234,-0.6064196242725419,-1.0118104671750678,-0.9482153778040043,-1.128758036981283,-0.9669691414119667,-1.3695937030820746,-0.8683702759834726,-0.30254793597035584,-1.2866581046399008,-1.21937003532127
1840,1,0,5,31,0,2,0,1,,-0.33054331261773484,33,-0.9577907190781527,-0.8320784996011895,-0.9624093469275953,-0.7285014900185458,-1.0053322439166186,-0.8425675885310434,-0.905158375399597,-0.7847576579709998,-0.8643080933119237,-1.0242182944316234,-0.6064196242725419,-1.0118104671750678,-0.9482153778040043,-1.128758036981283,-0.9669691414119667,-1.3695937030820746,-0.8683702759834726,-0.30254793597035584,-1.2866581046399008,-1.21937003532127
1841,1,1,1,0,0,0,1,2,,-0.35844837116391215,33,-0.9577907190781527,-0.8320784996011895,-0.9624093469275953,-0.7285014900185458,-1.0053322439166186,-0.8425675885310434,-0.905158375399597,-0.7847576579709998,-0.8643080933119237,-1.0242182944316234,-0.6064196242725419,-1.0118104671750678,-0.9482153778040043,-1.128758036981283,-0.9669691414119667,-1.3695937030820746,-0.8683702759834726,-0.30254793597035584,-1.2866581046399008,-1.21937003532127
1842,1,1,1,32,0,0,1,2,,-0.35844837116391215,33,-0.9577907190781527,-0.8320784996011895,-0.9624093469275953,-0.7285014900185458,-1.0053322439166186,-0.8425675885310434,-0.905158375399597,-0.7847576579709998,-0.8643080933119237,-1.0242182944316234,-0.6064196242725419,-1.0118104671750678,-0.9482153778040043,-1.128758036981283,-0.9669691414119667,-1.3695937030820746,-0.8683702759834726,-0.30254793597035584,-1.2866581046399008,-1.21937003532127
1843,1,1,1,33,0,0,0,2,,-0.35844837116391215,33,-0.9577907190781527,-0.8320784996011895,-0.9624093469275953,-0.7285014900185458,-1.0053322439166186,-0.8425675885310434,-0.905158375399597,-0.7847576579709998,-0.8643080933119237,-1.0242182944316234,-0.6064196242725419,-1.0118104671750678,-0.9482153778040043,-1.128758036981283,-0.9669691414119667,-1.3695937030820746,-0.8683702759834726,-0.30254793597035584,-1.2866581046399008,-1.21937003532127
1844,1,1,1,41,0,0,0,2,,-0.35844837116391215,33,-0.9577907190781527,-0.8320784996011895,-0.9624093469275953,-0.7285014900185458,-1.0053322439166186,-0.8425675885310434,-0.905158375399597,-0.7847576579709998,-0.8643080933119237,-1.0242182944316234,-0.6064196242725419,-1.0118104671750678,-0.9482153778040043,-1.128758036981283,-0.9669691414119667,-1.3695937030820746,-0.8683702759834726,-0.30254793597035584,-1.2866581046399008,-1.21937003532127
1845,2,0,0,35,0,2,0,1,,-0.502011547324691,33,-0.24997577273139124,-0.5028479739011327,-0.36132808796159704,-0.5067603603064278,-0.29732988001740085,-0.3982299810643212,-0.3224501551904632,-0.7080890338345968,-0.3995306779407994,-0.03980729812833922,0.2549888837217173,1.3821258906280858,0.2593082392048529,1.4112358839045112,-0.4765531993731981,-0.4071152070779636,-0.018658340680988497,-0.5036451860156836,-0.2555512319150317,0.21943227495390616
1846,2,0,2,1,0,1,0,0,,-0.40421322696016504,33,-0.24997577273139124,-0.5028479739011327,-0.36132808796159704,-0.5067603603064278,-0.29732988001740085,-0.3982299810643212,-0.3224501551904632,-0.7080890338345968,-0.3995306779407994,-0.03980729812833922,0.2549888837217173,1.3821258906280858,0.2593082392048529,1.4112358839045112,-0.4765531993731981,-0.4071152070779636,-0.018658340680988497,-0.5036451860156836,-0.2555512319150317,0.21943227495390616
1847,2,0,2,2,0,2,0,1,,-0.40421322696016504,33,-0.24997577273139124,-0.5028479739011327,-0.36132808796159704,-0.5067603603064278,-0.29732988001740085,-0.3982299810643212,-0.3224501551904632,-0.7080890338345968,-0.3995306779407994,-0.03980729812833922,0.2549888837217173,1.3821258906280858,0.2593082392048529,1.4112358839045112,-0.4765531993731981,-0.4071152070779636,-0.018658340680988497,-0.5036451860156836,-0.2555512319150317,0.21943227495390616
1848,2,0,2,4,0,2,0,1,,-0.40421322696016504,33,-0.24997577273139124,-0.5028479739011327,-0.36132808796159704,-0.5067603603064278,-0.29732988001740085,-0.3982299810643212,-0.3224501551904632,-0.7080890338345968,-0.3995306779407994,-0.03980729812833922,0.2549888837217173,1.3821258906280858,0.2593082392048529,1.4112358839045112,-0.4765531993731981,-0.4071152070779636,-0.018658340680988497,-0.5036451860156836,-0.2555512319150317,0.21943227495390616
1849,2,0,2,5,2,2,0,1,,2.834867143512927,33,-0.24997577273139124,-0.5028479739011327,-0.36132808796159704,-0.5067603603064278,-0.29732988001740085,-0.3982299810643212,-0.3224501551904632,-0.7080890338345968,-0.3995306779407994,-0.03980729812833922,0.2549888837217173,1.3821258906280858,0.2593082392048529,1.4112358839045112,-0.4765531993731981,-0.4071152070779636,-0.018658340680988497,-0.5036451860156836,-0.2555512319150317,0.21943227495390616
1850,2,0,2,7,1,2,0,1,,1.2700940176805169,33,-0.24997577273139124,-0.5028479739011327,-0.36132808796159704,-0.5067603603064278,-0.29732988001740085,-0.3982299810643212,-0.3224501551904632,-0.7080890338345968,-0.3995306779407994,-0.03980729812833922,0.2549888837217173,1.3821258906280858,0.2593082392048529,1.4112358839045112,-0.4765531993731981,-0.4071152070779636,-0.018658340680988497,-0.5036451860156836,-0.2555512319150317,0.21943227495390616
1851,2,0,2,10,2,2,0,1,,2.834867143512927,33,-0.24997577273139124,-0.5028479739011327,-0.36132808796159704,-0.5067603603064278,-0.29732988001740085,-0.3982299810643212,-0.3224501551904632,-0.7080890338345968,-0.3995306779407994,-0.03980729812833922,0.2549888837217173,1.3821258906280858,0.2593082392048529,1.4112358839045112,-0.4765531993731981,-0.4071152070779636,-0.018658340680988497,-0.5036451860156836,-0.2555512319150317,0.21943227495390616
1852,2,0,2,12,0,2,0,1,,-0.40421322696016504,33,-0.24997577273139124,-0.5028479739011327,-0.36132808796159704,-0.5067603603064278,-0.29732988001740085,-0.3982299810643212,-0.3224501551904632,-0.7080890338345968,-0.3995306779407994,-0.03980729812833922,0.2549888837217173,1.3821258906280858,0.2593082392048529,1.4112358839045112,-0.4765531993731981,-0.4071152070779636,-0.018658340680988497,-0.5036451860156836,-0.2555512319150317,0.21943227495390616
1853,2,0,2,17,0,2,1,1,,-0.40421322696016504,33,-0.24997577273139124,-0.5028479739011327,-0.36132808796159704,-0.5067603603064278,-0.29732988001740085,-0.3982299810643212,-0.3224501551904632,-0.7080890338345968,-0.3995306779407994,-0.03980729812833922,0.2549888837217173,1.3821258906280858,0.2593082392048529,1.4112358839045112,-0.4765531993731981,-0.4071152070779636,-0.018658340680988497,-0.5036451860156836,-0.2555512319150317,0.21943227495390616
1854,2,0,2,18,0,2,0,1,,-0.40421322696016504,33,-0.24997577273139124,-0.5028479739011327,-0.36132808796159704,-0.5067603603064278,-0.29732988001740085,-0.3982299810643212,-0.3224501551904632,-0.7080890338345968,-0.3995306779407994,-0.03980729812833922,0.2549888837217173,1.3821258906280858,0.2593082392048529,1.4112358839045112,-0.4765531993731981,-0.4071152070779636,-0.018658340680988497,-0.5036451860156836,-0.2555512319150317,0.21943227495390616
1855,2,0,2,22,0,2,0,1,,-0.40421322696016504,33,-0.24997577273139124,-0.5028479739011327,-0.36132808796159704,-0.5067603603064278,-0.29732988001740085,-0.3982299810643212,-0.3224501551904632,-0.7080890338345968,-0.3995306779407994,-0.03980729812833922,0.2549888837217173,1.3821258906280858,0.2593082392048529,1.4112358839045112,-0.4765531993731981,-0.4071152070779636,-0.018658340680988497,-0.5036451860156836,-0.2555512319150317,0.21943227495390616
1856,2,0,2,23,1,2,0,1,,1.2700940176805169,33,-0.24997577273139124,-0.5028479739011327,-0.36132808796159704,-0.5067603603064278,-0.29732988001740085,-0.3982299810643212,-0.3224501551904632,-0.7080890338345968,-0.3995306779407994,-0.03980729812833922,0.2549888837217173,1.3821258906280858,0.2593082392048529,1.4112358839045112,-0.4765531993731981,-0.4071152070779636,-0.018658340680988497,-0.5036451860156836,-0.2555512319150317,0.21943227495390616
1857,2,0,2,24,0,2,0,1,,-0.40421322696016504,33,-0.24997577273139124,-0.5028479739011327,-0.36132808796159704,-0.5067603603064278,-0.29732988001740085,-0.3982299810643212,-0.3224501551904632,-0.7080890338345968,-0.3995306779407994,-0.03980729812833922,0.2549888837217173,1.3821258906280858,0.2593082392048529,1.4112358839045112,-0.4765531993731981,-0.4071152070779636,-0.018658340680988497,-0.5036451860156836,-0.2555512319150317,0.21943227495390616
1858,2,0,3,19,0,2,0,1,,-0.2477359143769239,33,-0.24997577273139124,-0.5028479739011327,-0.36132808796159704,-0.5067603603064278,-0.29732988001740085,-0.3982299810643212,-0.3224501551904632,-0.7080890338345968,-0.3995306779407994,-0.03980729812833922,0.2549888837217173,1.3821258906280858,0.2593082392048529,1.4112358839045112,-0.4765531993731981,-0.4071152070779636,-0.018658340680988497,-0.5036451860156836,-0.2555512319150317,0.21943227495390616
1859,2,0,3,28,0,2,0,1,,-0.2477359143769239,33,-0.24997577273139124,-0.5028479739011327,-0.36132808796159704,-0.5067603603064278,-0.29732988001740085,-0.3982299810643212,-0.3224501551904632,-0.7080890338345968,-0.3995306779407994,-0.03980729812833922,0.2549888837217173,1.3821258906280858,0.2593082392048529,1.4112358839045112,-0.4765531993731981,-0.4071152070779636,-0.018658340680988497,-0.5036451860156836,-0.2555512319150317,0.21943227495390616
1860,2,0,4,40,0,2,0,1,,-0.654576927093351,33,-0.24997577273139124,-0.5028479739011327,-0.36132808796159704,-0.5067603603064278,-0.29732988001740085,-0.3982299810643212,-0.3224501551904632,-0.7080890338345968,-0.3995306779407994,-0.03980729812833922,0.2549888837217173,1.3821258906280858,0.2593082392048529,1.4112358839045112,-0.4765531993731981,-0.4071152070779636,-0.018658340680988497,-0.5036451860156836,-0.2555512319150317,0.21943227495390616
1861,2,0,5,8,0,2,0,1,,-0.38074163007267914,33,-0.24997577273139124,-0.5028479739011327,-0.36132808796159704,-0.5067603603064278,-0.29732988001740085,-0.3982299810643212,-0.3224501551904632,-0.7080890338345968,-0.3995306779407994,-0.03980729812833922,0.2549888837217173,1.3821258906280858,0.2593082392048529,1.4112358839045112,-0.4765531993731981,-0.4071152070779636,-0.018658340680988497,-0.5036451860156836,-0.2555512319150317,0.21943227495390616
1862,2,0,5,31,0,2,0,1,,-0.38074163007267914,33,-0.24997577273139124,-0.5028479739011327,-0.36132808796159704,-0.5067603603064278,-0.29732988001740085,-0.3982299810643212,-0.3224501551904632,-0.7080890338345968,-0.3995306779407994,-0.03980729812833922,0.2549888837217173,1.3821258906280858,0.2593082392048529,1.4112358839045112,-0.4765531993731981,-0.4071152070779636,-0.018658340680988497,-0.5036451860156836,-0.2555512319150317,0.21943227495390616
1863,2,0,6,34,0,2,0,1,,-0.38074163007267914,33,-0.24997577273139124,-0.5028479739011327,-0.36132808796159704,-0.5067603603064278,-0.29732988001740085,-0.3982299810643212,-0.3224501551904632,-0.7080890338345968,-0.3995306779407994,-0.03980729812833922,0.2549888837217173,1.3821258906280858,0.2593082392048529,1.4112358839045112,-0.4765531993731981,-0.4071152070779636,-0.018658340680988497,-0.5036451860156836,-0.2555512319150317,0.21943227495390616
1864,2,1,1,0,0,0,1,2,,-0.439420622291395,33,-0.24997577273139124,-0.5028479739011327,-0.36132808796159704,-0.5067603603064278,-0.29732988001740085,-0.3982299810643212,-0.3224501551904632,-0.7080890338345968,-0.3995306779407994,-0.03980729812833922,0.2549888837217173,1.3821258906280858,0.2593082392048529,1.4112358839045112,-0.4765531993731981,-0.4071152070779636,-0.018658340680988497,-0.5036451860156836,-0.2555512319150317,0.21943227495390616
1865,2,1,1,32,0,0,1,2,,-0.439420622291395,33,-0.24997577273139124,-0.5028479739011327,-0.36132808796159704,-0.5067603603064278,-0.29732988001740085,-0.3982299810643212,-0.3224501551904632,-0.7080890338345968,-0.3995306779407994,-0.03980729812833922,0.2549888837217173,1.3821258906280858,0.2593082392048529,1.4112358839045112,-0.4765531993731981,-0.4071152070779636,-0.018658340680988497,-0.5036451860156836,-0.2555512319150317,0.21943227495390616
1866,2,1,1,33,0,0,0,2,,-0.439420622291395,33,-0.24997577273139124,-0.5028479739011327,-0.36132808796159704,-0.5067603603064278,-0.29732988001740085,-0.3982299810643212,-0.3224501551904632,-0.7080890338345968,-0.3995306779407994,-0.03980729812833922,0.2549888837217173,1.3821258906280858,0.2593082392048529,1.4112358839045112,-0.4765531993731981,-0.4071152070779636,-0.018658340680988497,-0.5036451860156836,-0.2555512319150317,0.21943227495390616
1867,2,1,1,41,0,0,0,2,,-0.439420622291395,33,-0.24997577273139124,-0.5028479739011327,-0.36132808796159704,-0.5067603603064278,-0.29732988001740085,-0.3982299810643212,-0.3224501551904632,-0.7080890338345968,-0.3995306779407994,-0.03980729812833922,0.2549888837217173,1.3821258906280858,0.2593082392048529,1.4112358839045112,-0.4765531993731981,-0.4071152070779636,-0.018658340680988497,-0.5036451860156836,-0.2555512319150317,0.21943227495390616
